[
  {
    "line": 1,
    "elements": [
      {
        "before": [
          {
            "result": {
              "duration": 7443020,
              "status": "passed"
            },
            "match": {
              "location": "Hooks.setUp(Scenario)"
            }
          }
        ],
        "line": 14,
        "name": "\"Login to W360\"",
        "description": "",
        "id": "\"feature7:quicktrade--error-message-displayed-while-buying-asset---master-sleeve\";\"login-to-w360\";;2",
        "after": [
          {
            "result": {
              "duration": 910264,
              "status": "passed"
            },
            "match": {
              "location": "Hooks.tearDown(Scenario)"
            }
          }
        ],
        "type": "scenario",
        "keyword": "Scenario Outline",
        "steps": [
          {
            "output": [
              "[PASS] [Wealth360] has been successfully launched."
            ],
            "result": {
              "duration": 10440264572,
              "status": "passed"
            },
            "line": 5,
            "name": "Wealth360 application is launched",
            "match": {
              "arguments": [
                {
                  "val": "Wealth360",
                  "offset": 0
                }
              ],
              "location": "UIPreDefinedStepDefinitionsForAct.launchApp(String)"
            },
            "keyword": "Given "
          },
          {
            "output": [
              "[INFO] Successfully validated the display of anchor control: [login] on the page: [ SignIn].",
              "[PASS] Successfully verified the display of page: [ SignIn]."
            ],
            "result": {
              "duration": 6994152226,
              "status": "passed"
            },
            "line": 6,
            "name": "verify that SignIn page is displayed",
            "match": {
              "arguments": [
                {
                  "val": " SignIn",
                  "offset": 11
                }
              ],
              "location": "UIPreDefinedStepDefinitionsForVerify.verifyPage(String)"
            },
            "keyword": "And "
          },
          {
            "output": [
              "[INFO] Extracted value from the column [$Username] is [test.wops]",
              "[PASS] Successfully entered the value [!UserName!] in the the field [UserName]."
            ],
            "result": {
              "duration": 6459238568,
              "status": "passed"
            },
            "line": 7,
            "name": "user entered !UserName! in UserName textbox and stores the value in $Username",
            "match": {
              "arguments": [
                {
                  "val": "!UserName!",
                  "offset": 13
                },
                {
                  "val": "UserName",
                  "offset": 27
                },
                {
                  "val": "",
                  "offset": 43
                },
                {
                  "val": "$Username",
                  "offset": 68
                }
              ],
              "location": "UIPreDefinedStepDefinitionsForFill.fillDataInOneElementAndStoreItsValueInHashMap(String,String,String,String)"
            },
            "keyword": "When "
          },
          {
            "output": [
              "[PASS] Successfully entered the value [*******] in the the field [PassWord]."
            ],
            "result": {
              "duration": 5680545895,
              "status": "passed"
            },
            "line": 8,
            "name": "user entered !PassWord! in PassWord textbox",
            "match": {
              "arguments": [
                {
                  "val": "!PassWord!",
                  "offset": 13
                },
                {
                  "val": "PassWord",
                  "offset": 27
                },
                {
                  "val": "",
                  "offset": 43
                }
              ],
              "location": "UIPreDefinedStepDefinitionsForFill.fillDataInOneElement(String,String,String)"
            },
            "keyword": "And "
          },
          {
            "output": [
              "[INFO] Successfully performed the action: [click] on [Login] field.",
              "[PASS] Successfully click on [Login]."
            ],
            "result": {
              "duration": 19269289059,
              "status": "passed"
            },
            "line": 9,
            "name": "user click on Login button",
            "match": {
              "arguments": [
                {
                  "val": "click",
                  "offset": 5
                },
                {
                  "val": "Login",
                  "offset": 14
                }
              ],
              "location": "UIPreDefinedStepDefinitionsForAct.clickElement(String,String)"
            },
            "keyword": "Then "
          },
          {
            "output": [
              "[PASS] Wait for [8 seconds]"
            ],
            "result": {
              "duration": 8000785188,
              "status": "passed"
            },
            "line": 10,
            "name": "the user waits for 8 seconds",
            "match": {
              "arguments": [
                {
                  "val": "8",
                  "offset": 19
                },
                {
                  "val": "seconds",
                  "offset": 21
                }
              ],
              "location": "UIPreDefinedStepDefinitionsForAct.wait(String,String)"
            },
            "keyword": "When "
          }
        ],
        "tags": [
          {
            "name": "@E2ETD"
          }
        ]
      },
      {
        "before": [
          {
            "result": {
              "duration": 5744277,
              "status": "passed"
            },
            "match": {
              "location": "Hooks.setUp(Scenario)"
            }
          }
        ],
        "line": 18,
        "name": "\"Initate a Quick Trade - Buy securities from Master Sleeve\"",
        "description": "",
        "id": "\"feature7:quicktrade--error-message-displayed-while-buying-asset---master-sleeve\";\"initate-a-quick-trade---buy-securities-from-master-sleeve\"",
        "after": [
          {
            "result": {
              "duration": 1114332,
              "status": "passed"
            },
            "match": {
              "location": "Hooks.tearDown(Scenario)"
            }
          }
        ],
        "type": "scenario",
        "keyword": "Scenario",
        "steps": [
          {
            "output": [
              "[INFO] Successfully validated the display of anchor control: [menu] on the page: [ ApplicationMenu].",
              "[INFO] Successfully validated the display of anchor control: [menu1] on the page: [ ApplicationMenu].",
              "[PASS] Successfully verified the display of page: [ ApplicationMenu]."
            ],
            "result": {
              "duration": 23272466385,
              "status": "passed"
            },
            "line": 19,
            "name": "verify that ApplicationMenu page is displayed",
            "match": {
              "arguments": [
                {
                  "val": " ApplicationMenu",
                  "offset": 11
                }
              ],
              "location": "UIPreDefinedStepDefinitionsForVerify.verifyPage(String)"
            },
            "keyword": "Then "
          },
          {
            "output": [
              "[INFO] Successfully performed the action: [click] on [Menu] field.",
              "[PASS] Successfully click on [Menu]."
            ],
            "result": {
              "duration": 7614797025,
              "status": "passed"
            },
            "line": 20,
            "name": "user click on Menu button",
            "match": {
              "arguments": [
                {
                  "val": "click",
                  "offset": 5
                },
                {
                  "val": "Menu",
                  "offset": 14
                }
              ],
              "location": "UIPreDefinedStepDefinitionsForAct.clickElement(String,String)"
            },
            "keyword": "When "
          },
          {
            "output": [
              "[INFO] Successfully performed the action: [click] on [Clients] field.",
              "[PASS] Successfully click on [Clients]."
            ],
            "result": {
              "duration": 7673409344,
              "status": "passed"
            },
            "line": 21,
            "name": "user click on Clients button",
            "match": {
              "arguments": [
                {
                  "val": "click",
                  "offset": 5
                },
                {
                  "val": "Clients",
                  "offset": 14
                }
              ],
              "location": "UIPreDefinedStepDefinitionsForAct.clickElement(String,String)"
            },
            "keyword": "And "
          },
          {
            "output": [
              "[INFO] Successfully performed the action: [click] on [AllAccounts] field.",
              "[PASS] Successfully click on [AllAccounts]."
            ],
            "result": {
              "duration": 8849441590,
              "status": "passed"
            },
            "line": 22,
            "name": "user click on AllAccounts button",
            "match": {
              "arguments": [
                {
                  "val": "click",
                  "offset": 5
                },
                {
                  "val": "AllAccounts",
                  "offset": 14
                }
              ],
              "location": "UIPreDefinedStepDefinitionsForAct.clickElement(String,String)"
            },
            "keyword": "And "
          },
          {
            "output": [
              "[INFO] Successfully performed the action: [click] on [Menu] field.",
              "[PASS] Successfully click on [Menu]."
            ],
            "result": {
              "duration": 7826938451,
              "status": "passed"
            },
            "line": 23,
            "name": "user click on Menu button",
            "match": {
              "arguments": [
                {
                  "val": "click",
                  "offset": 5
                },
                {
                  "val": "Menu",
                  "offset": 14
                }
              ],
              "location": "UIPreDefinedStepDefinitionsForAct.clickElement(String,String)"
            },
            "keyword": "When "
          },
          {
            "output": [
              "[INFO] Successfully validated the display of anchor control: [proposalsearch] on the page: [ AllAccounts].",
              "[PASS] Successfully verified the display of page: [ AllAccounts]."
            ],
            "result": {
              "duration": 7666344107,
              "status": "passed"
            },
            "line": 24,
            "name": "verify that AllAccounts page is displayed",
            "match": {
              "arguments": [
                {
                  "val": " AllAccounts",
                  "offset": 11
                }
              ],
              "location": "UIPreDefinedStepDefinitionsForVerify.verifyPage(String)"
            },
            "keyword": "Then "
          },
          {
            "output": [
              "[PASS] Database connection is not required since user has chosen to use Restful service to execute database queries"
            ],
            "result": {
              "duration": 1582812,
              "status": "passed"
            },
            "line": 25,
            "name": "user connects to wealth360 database",
            "match": {
              "arguments": [
                {
                  "val": "wealth360",
                  "offset": 17
                }
              ],
              "location": "DBPreDefinedStepDefinitions.SetupDB(String)"
            },
            "keyword": "Given "
          },
          {
            "output": [
              "[INFO] Extracted value from the column [$DataBaseServiceUserNameHeaderParameter] is [test.wops]",
              "[PASS] Header parmeter is saved successfuly"
            ],
            "result": {
              "duration": 3336413,
              "status": "passed"
            },
            "line": 26,
            "name": "user sets header parameter as \u0027$Username\u0027",
            "match": {
              "arguments": [
                {
                  "val": "\u0027$Username\u0027",
                  "offset": 30
                }
              ],
              "location": "DBPreDefinedStepDefinitions.setUserNameAsHeaderParameterForCucurbitsDatabaseService(String)"
            },
            "keyword": "And "
          },
          {
            "output": [
              "[INFO] Request method:\tPOST\r\nRequest URI:\thttps://pmqeautoint.w360.cginet:10443/dwp/api/cucurbits-database-service/query\r\nProxy:\t\t\t\u003cnone\u003e\r\nRequest params:\t\u003cnone\u003e\r\nQuery params:\t\u003cnone\u003e\r\nForm params:\t\u003cnone\u003e\r\nPath params:\t\u003cnone\u003e\r\nHeaders:\t\tuserName\u003dtest.wops\r\n\t\t\t\tAccept\u003d*/*\r\n\t\t\t\tContent-Type\u003dapplication/json; charset\u003dUTF-8\r\nCookies:\t\t\u003cnone\u003e\r\nMultiparts:\t\t\u003cnone\u003e\r\nBody:\r\n{\n    \"queryId\": \"TD_SQL_0043\",\n    \"listOfParameterValues\": [\n        \"ACTV\",\n        \"UM\",\n        \"IPRMT\",\n        \"C1\"\n    ],\n    \"dbName\": \"PM52SIT\"\n}\r\n",
              "[INFO] HTTP/1.1 200 \r\nDate: Wed, 07 Aug 2024 14:15:47 GMT\r\nServer: Apache\r\nContent-Type: application/json\r\nKeep-Alive: timeout\u003d5, max\u003d100\r\nConnection: Keep-Alive\r\nTransfer-Encoding: chunked\r\n\r\n[\n    {\n        \"PARENT_PORTFOLIO\": \"320494\"\n    }\n]\r\n",
              "[INFO] Extracted value from the column [$PortfolioCode] is [320494]",
              "[PASS] Successfuly extracted all the values from database using supplied step level datatable, moreover stored on respective labels supplied."
            ],
            "result": {
              "duration": 3242171700,
              "status": "passed"
            },
            "line": 27,
            "name": "user extracts below values from database",
            "match": {
              "arguments": [
                {
                  "val": "",
                  "offset": 32
                }
              ],
              "location": "DBPreDefinedStepDefinitions.extractRecords(String,DataTable)"
            },
            "rows": [
              {
                "cells": [
                  "TD_SQL_0043#select parent_portfolio from w360.portfolios where ACCT_STATE_CD\u003d\u0027ACTV\u0027 and pf_type\u003d\u0027UM\u0027 and tdg_state_cd \u003d \u0027IPRMT\u0027 and ACCOUNT_PROGRAM \u003d \u0027C1\u0027 ORDER BY DBMS_RANDOM.RANDOM fetch FIRST rows only",
                  "$PortfolioCode"
                ]
              }
            ],
            "keyword": "And "
          },
          {
            "output": [
              "[WARNING] Value for the label $PortfolioCode is already stored and the value is:- 320494, please note, as the label is specified again, solution will replace the previous value with new one",
              "[INFO] Extracted value from the column [$PortfolioCode] is [320494]",
              "[PASS] Successfully entered the value [$PortfolioCode] in the the field [AccountSearch]."
            ],
            "result": {
              "duration": 7508931844,
              "status": "passed"
            },
            "line": 30,
            "name": "user entered $PortfolioCode in AccountSearch textbox and stores the value in $PortfolioCode",
            "match": {
              "arguments": [
                {
                  "val": "$PortfolioCode",
                  "offset": 13
                },
                {
                  "val": "AccountSearch",
                  "offset": 31
                },
                {
                  "val": "",
                  "offset": 52
                },
                {
                  "val": "$PortfolioCode",
                  "offset": 77
                }
              ],
              "location": "UIPreDefinedStepDefinitionsForFill.fillDataInOneElementAndStoreItsValueInHashMap(String,String,String,String)"
            },
            "keyword": "When "
          },
          {
            "output": [
              "[PASS] Wait for [3 seconds]"
            ],
            "result": {
              "duration": 3000654263,
              "status": "passed"
            },
            "line": 31,
            "name": "user waits for 3 seconds",
            "match": {
              "arguments": [
                {
                  "val": "3",
                  "offset": 15
                },
                {
                  "val": "seconds",
                  "offset": 17
                }
              ],
              "location": "UIPreDefinedStepDefinitionsForAct.wait(String,String)"
            },
            "keyword": "And "
          },
          {
            "output": [
              "[INFO] Successfully performed the action: [click] on [TableFirstRow] field.",
              "[PASS] Successfully click on [TableFirstRow]."
            ],
            "result": {
              "duration": 7884406449,
              "status": "passed"
            },
            "line": 32,
            "name": "user click on TableFirstRow element",
            "match": {
              "arguments": [
                {
                  "val": "click",
                  "offset": 5
                },
                {
                  "val": "TableFirstRow",
                  "offset": 14
                }
              ],
              "location": "UIPreDefinedStepDefinitionsForAct.clickElement(String,String)"
            },
            "keyword": "And "
          },
          {
            "output": [
              "[INFO] Successfully validated the display of anchor control: [contact] on the page: [ AccountDetails].",
              "[PASS] Successfully verified the display of page: [ AccountDetails]."
            ],
            "result": {
              "duration": 8783814138,
              "status": "passed"
            },
            "line": 33,
            "name": "verify that AccountDetails page is displayed",
            "match": {
              "arguments": [
                {
                  "val": " AccountDetails",
                  "offset": 11
                }
              ],
              "location": "UIPreDefinedStepDefinitionsForVerify.verifyPage(String)"
            },
            "keyword": "Then "
          },
          {
            "output": [
              "[INFO] Successfully performed the action: [click] on [QuickTrade] field.",
              "[PASS] Successfully click on [QuickTrade]."
            ],
            "result": {
              "duration": 7364424179,
              "status": "passed"
            },
            "line": 34,
            "name": "user click on QuickTrade button",
            "match": {
              "arguments": [
                {
                  "val": "click",
                  "offset": 5
                },
                {
                  "val": "QuickTrade",
                  "offset": 14
                }
              ],
              "location": "UIPreDefinedStepDefinitionsForAct.clickElement(String,String)"
            },
            "keyword": "And "
          },
          {
            "output": [
              "[PASS] Wait for [5 seconds]"
            ],
            "result": {
              "duration": 5001380937,
              "status": "passed"
            },
            "line": 35,
            "name": "the user waits for 5 seconds",
            "match": {
              "arguments": [
                {
                  "val": "5",
                  "offset": 19
                },
                {
                  "val": "seconds",
                  "offset": 21
                }
              ],
              "location": "UIPreDefinedStepDefinitionsForAct.wait(String,String)"
            },
            "keyword": "When "
          },
          {
            "output": [
              "[INFO] Successfully performed the action: [clicks] on [QTbuy] field.",
              "[PASS] Successfully clicks on [QTbuy]."
            ],
            "result": {
              "duration": 7417103513,
              "status": "passed"
            },
            "line": 36,
            "name": "user clicks on QTbuy button",
            "match": {
              "arguments": [
                {
                  "val": "clicks",
                  "offset": 5
                },
                {
                  "val": "QTbuy",
                  "offset": 15
                }
              ],
              "location": "UIPreDefinedStepDefinitionsForAct.clickElement(String,String)"
            },
            "keyword": "When "
          },
          {
            "output": [
              "[PASS] Element not displayed on WebPageno such element: Unable to locate element: {\"method\":\"xpath\",\"selector\":\"//*[text()\u003d320494]\"}\n  (Session info: chrome\u003d126.0.6478.57)\nFor documentation on this error, please visit: https://www.selenium.dev/documentation/webdriver/troubleshooting/errors#no-such-element-exception\nBuild info: version: \u00274.14.1\u0027, revision: \u002703f8ede370\u0027\nSystem info: os.name: \u0027Windows Server 2016\u0027, os.arch: \u0027amd64\u0027, os.version: \u002710.0\u0027, java.version: \u002711.0.24\u0027\nDriver info: org.openqa.selenium.remote.RemoteWebDriver\nCommand: [3642573aa94b0d3e2dd58f2ae06931d1, findElement {using\u003dxpath, value\u003d//*[text()\u003d320494]}]\nCapabilities {acceptInsecureCerts: false, browserName: chrome, browserVersion: 126.0.6478.57, chrome: {chromedriverVersion: 126.0.6478.63 (df799988fdc9..., userDataDir: C:\\Program Files\\scoped_dir...}, fedcm:accounts: true, goog:chromeOptions: {debuggerAddress: localhost:16596}, networkConnectionEnabled: false, pageLoadStrategy: normal, platformName: windows, proxy: Proxy(), se:cdpVersion: 126.0.6478.57, setWindowRect: true, strictFileInteractability: false, timeouts: {implicit: 0, pageLoad: 300000, script: 30000}, unhandledPromptBehavior: dismiss and notify, webauthn:extension:credBlob: true, webauthn:extension:largeBlob: true, webauthn:extension:minPinLength: true, webauthn:extension:prf: true, webauthn:virtualAuthenticators: true}\nSession ID: 3642573aa94b0d3e2dd58f2ae06931d1]. Stacktrace: [[Ljava.lang.StackTraceElement;@69c7fe78]."
            ],
            "result": {
              "duration": 60039292723,
              "status": "passed"
            },
            "line": 37,
            "name": "user verify $PortfolioCode element not displayed on webpage",
            "match": {
              "arguments": [
                {
                  "val": "$PortfolioCode",
                  "offset": 12
                }
              ],
              "location": "CustomStepDef.verifyElementNotDisplayed(String)"
            },
            "keyword": "And "
          },
          {
            "output": [
              "[INFO] Successfully validated the display of anchor control: [menu] on the page: [ CommonLocators].",
              "[PASS] Successfully verified the display of page: [ CommonLocators]."
            ],
            "result": {
              "duration": 15300067584,
              "status": "passed"
            },
            "line": 38,
            "name": "verify that CommonLocators page is displayed",
            "match": {
              "arguments": [
                {
                  "val": " CommonLocators",
                  "offset": 11
                }
              ],
              "location": "UIPreDefinedStepDefinitionsForVerify.verifyPage(String)"
            },
            "keyword": "Then "
          },
          {
            "output": [
              "[INFO] Successfully performed the action: [click] on [Cancel] field.",
              "[PASS] Successfully click on [Cancel]."
            ],
            "result": {
              "duration": 7370173941,
              "status": "passed"
            },
            "line": 39,
            "name": "user click on Cancel button",
            "match": {
              "arguments": [
                {
                  "val": "click",
                  "offset": 5
                },
                {
                  "val": "Cancel",
                  "offset": 14
                }
              ],
              "location": "UIPreDefinedStepDefinitionsForAct.clickElement(String,String)"
            },
            "keyword": "And "
          }
        ],
        "tags": [
          {
            "name": "@E2ETD"
          }
        ]
      },
      {
        "before": [
          {
            "result": {
              "duration": 4549122,
              "status": "passed"
            },
            "match": {
              "location": "Hooks.setUp(Scenario)"
            }
          }
        ],
        "line": 42,
        "name": "\"Closing all Browsers\"",
        "description": "",
        "id": "\"feature7:quicktrade--error-message-displayed-while-buying-asset---master-sleeve\";\"closing-all-browsers\"",
        "after": [
          {
            "result": {
              "duration": 972800,
              "status": "passed"
            },
            "match": {
              "location": "Hooks.tearDown(Scenario)"
            }
          }
        ],
        "type": "scenario",
        "keyword": "Scenario",
        "steps": [
          {
            "output": [
              "[INFO] Number of Browser objects open0",
              "[PASS] All browsers are closed successfully"
            ],
            "result": {
              "duration": 881096002,
              "status": "passed"
            },
            "line": 43,
            "name": "user closes all browsers",
            "match": {
              "location": "UIPreDefinedStepDefinitionsForAct.closeAllBrowsers()"
            },
            "keyword": "And "
          }
        ],
        "tags": [
          {
            "name": "@E2ETD"
          }
        ]
      }
    ],
    "name": "\"Feature7:QuickTrade -Error message displayed while Buying Asset - Master Sleeve\"",
    "description": "",
    "id": "\"feature7:quicktrade--error-message-displayed-while-buying-asset---master-sleeve\"",
    "keyword": "Feature",
    "uri": "src/main/resources/runtimefeaturefiles/QuickTrade_UMA_Buy_MasterSleeve_TD2.feature",
    "tags": []
  }
]